student_name,university,major,email,ip_address
Gal,Zia-ud-Din Medical University,Programmer II,glivett0@bloomberg.com,198.138.117.24
Berget,Tiffin University Prague,Marketing Assistant,ballanson1@vk.com,140.132.102.14
Trenna,Fachhochschule Würzburg - Schweinfurt,Paralegal,tbeynon2@vkontakte.ru,3.79.13.14
Daveta,Universidad de Guanajuato,Environmental Tech,dclaris3@sohu.com,52.112.95.216
Kirstin,Nanhua University,Electrical Engineer,kpilkington4@naver.com,34.22.6.87
Culley,St.Kliment Ohridski University,Accounting Assistant III,cgrasha5@un.org,216.45.230.55
Dasie,Technische Universität Dresden,Safety Technician IV,dcullington6@house.gov,166.171.114.172
Alexa,Pennsylvania State University,Sales Representative,abohey7@mapy.cz,187.236.161.216
Jackie,"Islamic Azad University, Lahijan",Community Outreach Specialist,jbalwin8@t-online.de,190.85.42.209
Darcy,Siberian Academy of Public Services,Community Outreach Specialist,dhuddles9@fastcompany.com,19.228.67.230
Codie,Latvian University of Agriculture,Mechanical Systems Engineer,chunstona@arstechnica.com,253.224.149.78
Perle,American University of Kuwait ,Quality Control Specialist,pneilandb@irs.gov,9.164.35.135
Carmel,Leiden University,Research Assistant I,cdragonettec@ucoz.ru,122.252.137.249
Missie,University of Gadarif,Data Coordiator,moconcannond@tripadvisor.com,30.100.8.161
Reeta,Guangdong Peizheng College ,Senior Cost Accountant,rbartoleyne@telegraph.co.uk,28.102.82.61
Bess,University of Sadat City,Assistant Professor,bbaggf@cnet.com,223.46.77.194
Charin,Kwangwoon University,Information Systems Manager,ctattong@amazon.co.jp,191.221.67.60
Robb,"Islamic Azad University, Region One",Human Resources Assistant III,rsponh@blinklist.com,207.66.246.249
Russ,Grodno State Agrarian University,Financial Analyst,rsimonellii@de.vu,32.200.139.73
Marsh,Medical College of Ohio,Desktop Support Technician,mmacilhargyj@youku.com,111.173.37.104
Cristi,University of Balochistan,Assistant Manager,clackmannk@behance.net,177.153.112.96
Rudd,"Institute of Teachers Education, Islamic Education",Electrical Engineer,rwealel@elegantthemes.com,107.15.89.159
Gusta,Hochschule Esslingen,Research Nurse,gemmm@canalblog.com,126.215.55.159
Milly,Nakamura Gakuen University,Geological Engineer,mhampshawn@skype.com,216.19.114.223
Philis,Faisalabad Institute of Textile and Fashion Design,Assistant Professor,pcreano@hugedomains.com,213.168.69.79
Michell,Meiji University of Oriental Medicine,Legal Assistant,mminesp@independent.co.uk,12.130.143.242
Cahra,Hakuoh University,Senior Financial Analyst,cnottleq@facebook.com,56.41.255.247
Kelcy,Blessing-Rieman College of Nursing,Cost Accountant,kklampr@weebly.com,94.1.153.124
Lissi,Hodges University,Statistician II,lmitchensons@who.int,187.101.59.188
Avery,Montanuniversität Leoben,Registered Nurse,aduignant@dell.com,101.51.178.237
Sukey,University of Waikato,Senior Cost Accountant,scrockattu@miitbeian.gov.cn,73.245.88.234
Bette-ann,Oregon Institute of Technology,Account Coordinator,bpedlowv@php.net,162.180.253.85
Clair,Riga Teacher Training and Educational Management Academy,Staff Accountant II,cgittingw@pbs.org,15.109.78.36
Koral,Ukrainian Academy of Pharmacy,Software Engineer I,krosinx@indiegogo.com,154.97.122.56
Fedora,Calvin College,Marketing Assistant,fhanniganey@hubpages.com,169.82.148.89
Daveta,"Fachhochschule Stuttgart, Hochschule der Medien",Civil Engineer,dharriagnz@bandcamp.com,32.83.102.111
Catlaina,Utica College,Account Representative IV,calbertson10@diigo.com,150.116.7.6
Daile,Hiroshima University,Media Manager IV,dswafford11@joomla.org,91.56.214.43
Geri,University of Zimbabwe,Programmer IV,gmccathay12@oakley.com,86.192.64.90
Tessie,Hochschule für Berufstätige Rendsburg,Quality Engineer,tmillichip13@disqus.com,45.84.127.204
Silvanus,Missouri Baptist College,Sales Representative,sjerche14@mac.com,24.37.157.159
Russ,Institute of Business Administration (IBA),Systems Administrator IV,rkirman15@booking.com,12.165.100.192
Evy,Tufts University,Nuclear Power Engineer,etraves16@sphinn.com,118.180.2.46
Tildie,New York Institute of Technology,Administrative Assistant II,tdummer17@odnoklassniki.ru,63.166.17.240
Guenevere,Universitas Dian Nuswantoro,Geological Engineer,gturfes18@hugedomains.com,34.87.11.254
Brandy,Mamasani University of Technology,Developer IV,bgabler19@marketwatch.com,141.33.176.122
Deva,Universidad de Atacama,Professor,dnisby1a@ask.com,126.3.174.48
Thacher,Umm Al-Qura University,Assistant Professor,ttarrier1b@cpanel.net,9.66.215.182
Janenna,Grenoble Ecole de Management,Health Coach IV,jpeddel1c@cpanel.net,16.5.29.140
Cheston,St. Petersburg State University,Senior Quality Engineer,creisin1d@mashable.com,127.189.224.205
Chilton,San Diego University for Integrative Studies,Nurse,cmerricks1e@dell.com,185.47.171.89
Manny,Kardan University,Senior Quality Engineer,mkobelt1f@discuz.net,194.168.252.12
Mommy,City University College of Science and Technology,Clinical Specialist,mshewon1g@chicagotribune.com,233.146.220.129
Ludovico,Universidad Nacional Evangélica,Help Desk Operator,lchatenier1h@hubpages.com,167.182.248.72
Pablo,Shanghai University,Occupational Therapist,pcharity1i@gmpg.org,241.88.171.134
Vitoria,Indiana University of Pennsylvania,Chief Design Engineer,vloveday1j@google.com,12.130.166.171
Adrienne,Lindsey Wilson College,Administrative Assistant III,agouldstone1k@bravesites.com,215.146.131.237
Lynelle,Nairobi Institute of Business Studies ,Analyst Programmer,ldetocqueville1l@oakley.com,4.151.190.255
Annabelle,University of Canberra,Marketing Assistant,amarrows1m@china.com.cn,22.142.177.101
Hedy,Lalit Narayan Mithila University,Senior Developer,hblacktin1n@google.com,133.202.17.232
Vanda,Tribhuvan University Kathmandu,Product Engineer,vlittle1o@jiathis.com,23.212.85.202
Kimberly,Clarkson University,Information Systems Manager,klorain1p@upenn.edu,82.168.102.249
Almeta,"Katholieke Universiteit Leuven, Campus Kortrijk",Librarian,apostle1q@over-blog.com,80.45.208.62
Karel,Alma College,Research Associate,kboot1r@technorati.com,122.32.31.167
Filide,National University,Structural Engineer,fcharte1s@stanford.edu,32.186.139.197
Rycca,Marcus Oldham College,VP Product Management,rrengger1t@reference.com,118.145.211.242
Annelise,Wesleyan University Philippines,Junior Executive,alavigne1u@springer.com,228.9.15.5
Donavon,"University of Wales, Bangor",Assistant Manager,dputtergill1v@house.gov,126.169.73.194
Amity,University of Engineering and Technology Lahore,Senior Sales Associate,asmellie1w@sakura.ne.jp,49.238.235.166
Caritta,Universidad Nacional de Salta,Engineer II,cfrancescozzi1x@netscape.com,168.213.248.238
Teresa,Atlanta Christian College,Paralegal,tgregersen1y@posterous.com,204.130.173.167
Gennifer,Namik Kemal University,Accountant I,gsheran1z@japanpost.jp,133.141.36.224
Aubine,Universidad Lasallista Benavente,Administrative Officer,ageering20@spotify.com,227.234.197.22
Pammie,Université du Havre,Web Developer I,phirschmann21@weibo.com,127.74.219.149
Bendicty,Marycrest International University,Legal Assistant,bbonar22@constantcontact.com,77.61.120.4
Reggie,Katholieke Universiteit Leuven,Structural Analysis Engineer,rmalpas23@quantcast.com,160.253.107.18
Benito,Karlshochschule International University,Software Test Engineer I,bsmaling24@github.com,22.38.43.201
Edlin,Concord College,Systems Administrator I,esempill25@mac.com,195.11.221.82
Paulo,University of New Hampshire,Research Associate,pjarrold26@yahoo.com,157.212.176.199
Alexis,University of Perpetual Help,Junior Executive,afruish27@thetimes.co.uk,144.249.221.38
Mordecai,Jodhpur National University,Quality Engineer,mocallaghan28@themeforest.net,125.71.56.62
Netta,Universidad Abierta Para Adultos,Geological Engineer,nbutland29@icq.com,49.166.250.128
Skippy,Khulna University,Health Coach II,sdibbe2a@google.it,71.31.122.122
Gayla,Gift University,Pharmacist,gmclelland2b@bandcamp.com,131.89.111.2
Eveleen,Paktia University,Marketing Assistant,emasedon2c@wikipedia.org,195.206.238.194
Rena,Marathwada Agricultural University,Business Systems Development Analyst,rcahn2d@google.com,159.11.206.108
Chicky,HWP - Hamburger Universität für Wirtschaft und Politik,Compensation Analyst,clondon2e@admin.ch,249.36.65.148
Chadd,Meredith College,Junior Executive,cakid2f@si.edu,204.198.118.213
Kassey,Perlis Islamic Higher Learning Institute,Associate Professor,kdivisek2g@furl.net,159.202.65.94
Pearle,University of West Florida,Structural Engineer,pkerwen2h@icio.us,147.166.36.70
Garrek,Politeknik Negeri Semarang,Staff Scientist,gmckag2i@ezinearticles.com,246.110.105.253
Hollis,Mount Union College,Structural Engineer,hdagostino2j@tinyurl.com,113.235.90.37
Kelsy,Temple University School of Podiatric Medicine,Editor,kcawthery2k@quantcast.com,240.197.83.222
Bronnie,Siberian Academy of Public Services,Senior Sales Associate,bansteys2l@skype.com,59.9.41.86
Lowe,Universität Trier,Director of Sales,lloudwell2m@huffingtonpost.com,53.14.238.105
North,Columbia College,Nurse Practicioner,nlouden2n@cocolog-nifty.com,141.228.66.181
Brady,Ilia Chavchavadze State University,Assistant Media Planner,bvoaden2o@usgs.gov,27.113.179.10
Harwilll,Ottawa University,Project Manager,hhartwell2p@wp.com,94.144.7.224
Doralin,Sultan Haji Ahmad Shah Polytechnic,Staff Scientist,dmckinn2q@mediafire.com,47.224.171.157
Betty,Open University of the Netherlands,VP Product Management,bjeppe2r@mac.com,18.69.219.206
Johnathon,Instituto Tecnológico y de Estudios Superiores de Monterrey (ITESM),Web Designer III,jcleynman2s@delicious.com,149.77.166.254
Easter,PSG College of Technology,Human Resources Assistant IV,eduesbury2t@diigo.com,183.240.145.76
Stephi,Universidad de la Empresa (UDE),VP Quality Control,seve2u@ucla.edu,92.76.136.251
Algernon,Institute of Information Technology,Marketing Manager,amccroft2v@csmonitor.com,54.144.161.122
Cissy,Faculdades Integradas Curitiba,Project Manager,cjuniper2w@deviantart.com,98.209.118.75
Almeta,Universidad Autónoma de la Ciudad de México,Engineer II,aminshull2x@networkadvertising.org,27.196.106.181
Mathew,University of Reading,General Manager,mleband2y@theatlantic.com,80.64.119.148
Rustin,Universidade Estadual de Londrina,Research Nurse,rtimmis2z@dell.com,109.107.36.115
Bartholomeo,Universidad Adventista de Centro América,Human Resources Assistant II,bsparks30@hostgator.com,35.55.241.246
Miltie,University of Information Technology and Management in Rzeszow,Senior Quality Engineer,mwinston31@va.gov,98.151.92.53
Celestia,Alfred Adler Graduate School,Community Outreach Specialist,csedgemore32@storify.com,233.210.187.123
Loren,University of New Haven,Desktop Support Technician,lbiermatowicz33@istockphoto.com,222.37.195.42
Natal,Johnson State College,Quality Control Specialist,nwiffen34@yahoo.co.jp,99.105.76.75
Calley,Beijing Forestry University,Research Associate,czmitrichenko35@nytimes.com,140.84.73.67
Olivie,Dr. Bhim Rao Abdekar University,Media Manager II,ogiggs36@deviantart.com,112.215.111.23
Ambrosio,"Universidad de Puerto Rico, Arecibo",Help Desk Operator,awaugh37@mail.ru,230.103.249.118
Quentin,Ecole Supérieure de Commerce de Rouen,Community Outreach Specialist,qbartoli38@cbslocal.com,143.138.150.81
Karol,Kwangju National University of Education,Quality Engineer,kegarr39@qq.com,6.143.24.233
Travus,University of the Arts,Recruiter,tortes3a@yellowpages.com,39.42.28.14
Wat,Primier International University Perak,Information Systems Manager,wtarrant3b@topsy.com,180.173.121.24
Park,Florida Christian College,Social Worker,pwoodlands3c@bravesites.com,206.165.4.124
Irena,Urbana University,Executive Secretary,ifrancescoccio3d@netvibes.com,198.28.101.35
Marisa,Ho Chi Minh City University of Architecture,Social Worker,mpicton3e@globo.com,249.149.156.208
Norton,"Islamic Azad University, Mehriz",Professor,nmouat3f@hc360.com,53.213.51.135
Annabal,MGH Institute of Health Professions,Research Assistant IV,atatchell3g@blogtalkradio.com,31.197.14.25
Benny,Central China Normal University,Senior Cost Accountant,bhug3h@census.gov,248.133.58.90
Mickie,B. R. Ambedkar Bihar University,Marketing Assistant,mczaja3i@epa.gov,244.115.209.23
Agretha,Tokai University,Marketing Manager,afirks3j@wsj.com,100.0.67.83
Nettie,Mahatma Gandhi Chitrakut Gramoday University,Physical Therapy Assistant,ngolling3k@archive.org,127.149.254.68
Price,International University of Africa (IUA),Recruiter,ppashen3l@ebay.co.uk,251.110.82.28
Sauncho,Hungarian Academy of Craft and Design,Associate Professor,sraincin3m@eventbrite.com,252.11.58.182
Galven,Whittier College,Social Worker,gmcleish3n@over-blog.com,239.198.93.25
Kirsti,Universidade do Estado do Rio Grande do Norte,VP Product Management,kfeild3o@nymag.com,224.216.155.251
Louisa,University of Minnesota - Duluth,Safety Technician II,lellissen3p@jigsy.com,63.213.166.33
Stewart,International Business School of Scandinavia,Food Chemist,sdarke3q@squidoo.com,17.61.24.226
Bordie,Business and Hotel Management School,Developer II,bfinn3r@surveymonkey.com,250.93.28.137
Bradan,Sarah Lawrence College,Computer Systems Analyst III,brylstone3s@chron.com,7.79.167.183
Alysa,Karnatak University,Paralegal,aquilter3t@nymag.com,24.248.24.235
Chester,Bayan College for Science & Technology,Director of Sales,cnisard3u@google.co.uk,221.172.84.205
Berry,"Universidad Nacional Experimental Politécnica ""Antonio José de Sucre""",Senior Developer,brobottham3v@howstuffworks.com,142.188.9.200
Tod,American Jewish University,Human Resources Assistant IV,tblenkensop3w@abc.net.au,5.21.7.168
Anatola,Fondation Universitaire Luxembourgeoise,Environmental Tech,agurney3x@cargocollective.com,8.194.98.167
Elana,Université de Yaoundé II,Health Coach III,ebemment3y@telegraph.co.uk,69.56.183.155
Lucretia,École des Hautes Études Commerciales,Dental Hygienist,lstoney3z@elegantthemes.com,192.123.216.82
Burnaby,Hendrix College,VP Marketing,bandrzej40@bloglines.com,88.249.52.16
Noni,"Universidad Catolica ""Redemptoris Mater""",Help Desk Operator,nferreo41@joomla.org,231.38.127.22
Zane,Prince Sultan College for Tourism and Hotel Scinces,Programmer Analyst III,zgittens42@statcounter.com,253.184.85.142
Christian,"Universidad Pedagógica Nacional ""Francisco Morazán""",Geological Engineer,cinderwick43@springer.com,92.146.133.213
Leland,West Virginia School of Osteopathic Medicine,Occupational Therapist,lgoadby44@google.com.au,219.99.94.246
Nanci,William Jewell College,Nuclear Power Engineer,nmackison45@forbes.com,153.47.195.76
Shurwood,Hong Kong University of Science and Technology,Actuary,smanis46@prweb.com,244.220.92.14
Mikel,Universitas Pesantren Darul Ulum Jombang,Chief Design Engineer,mramas47@foxnews.com,25.82.20.44
Verile,Union University,Internal Auditor,vrichly48@ebay.co.uk,229.39.227.152
Elva,Universidad Autónoma del Paraguay,Senior Sales Associate,ehambling49@tmall.com,152.202.102.8
Ninette,American Military University,Physical Therapy Assistant,njeayes4a@mtv.com,32.174.242.44
Damian,Technological University (Pinlon),Payment Adjustment Coordinator,dhaslewood4b@hubpages.com,135.254.45.175
Aurthur,Piedmont Baptist College,Staff Accountant II,amacpike4c@themeforest.net,14.177.134.200
Eustace,Shumei University,Biostatistician IV,ephilcox4d@latimes.com,126.129.1.159
Chloris,"Islamic Azad University, Janah",Chemical Engineer,ckyteley4e@a8.net,94.216.163.76
Casey,Ozark Christian College,VP Accounting,cgawkes4f@webs.com,20.6.177.198
Granny,Universidade Ibirapuera,Environmental Specialist,gcornbell4g@unc.edu,101.165.223.191
Mitchael,Nanjing Agricultural University,Web Designer II,mcallar4h@sitemeter.com,144.107.239.207
Sanderson,Canakkale (18th March) University,Internal Auditor,sclaque4i@narod.ru,190.153.232.100
Shamus,Aichi Prefectural University of Fine Arts & Music,Payment Adjustment Coordinator,sjaouen4j@surveymonkey.com,26.244.139.215
Amos,University of Kirkuk,Administrative Officer,agabler4k@wikia.com,221.106.80.201
Philis,East-Siberian State Institute of Culture,Design Engineer,ppagin4l@odnoklassniki.ru,57.16.192.167
Amandi,Free International University of Social Studies,Operator,apowelee4m@prweb.com,164.75.220.37
Orsa,Tui Online University,Internal Auditor,ocastleman4n@newyorker.com,243.170.26.162
Marion,"Skyline University College, Sharjah",Quality Control Specialist,mkirkham4o@stumbleupon.com,22.113.208.57
Brendis,Mount Royal College,Account Representative IV,bbottinelli4p@businesswire.com,119.140.22.54
Annadiane,East Carolina University,Product Engineer,aburch4q@pen.io,197.161.66.50
Catherina,Art Institute of Southern California,Biostatistician III,cdicey4r@creativecommons.org,14.86.86.222
Raul,Skadron College,Assistant Manager,rvisco4s@wsj.com,81.184.185.102
Iain,Technological Education Institute of Mesologgi,Systems Administrator II,iplumbley4t@chicagotribune.com,81.105.98.207
Dorrie,Royal College of Physicians of Ireland,Quality Control Specialist,dtreadgold4u@delicious.com,61.96.172.179
Imelda,Technical University of Cracow,VP Marketing,ihylton4v@ycombinator.com,241.183.212.5
Peggie,Chuvash State University,Programmer I,pbalducci4w@cornell.edu,253.1.157.133
Karissa,"University of Eastern Africa, Baraton",Safety Technician II,kpolkinhorn4x@uiuc.edu,203.96.83.132
Linell,Mokpo National University,Recruiting Manager,lbowe4y@foxnews.com,12.6.177.112
Rasia,University of Central Oklahoma,Help Desk Technician,rflaune4z@photobucket.com,65.240.251.69
Seana,Celal Bayar University,Editor,sclegg50@ustream.tv,168.83.204.68
Ferdinande,Changchun University of Technology,Computer Systems Analyst II,fmccahill51@furl.net,54.169.63.20
Celestine,Lancaster Bible College,Internal Auditor,cdewi52@shinystat.com,87.211.26.133
Shelly,Newberry College,Director of Sales,saimer53@mysql.com,243.228.94.213
Ashleigh,Indiana University at Bloomington,GIS Technical Architect,amctague54@gov.uk,155.26.133.234
Myrwyn,Baku State University,Desktop Support Technician,malderson55@yahoo.co.jp,131.116.144.65
Adelind,Universidad Católica de Santa María,Health Coach II,amccaskill56@imdb.com,136.152.122.203
Shirlee,Pädagogische Hochschule Schwäbisch Gmünd,VP Sales,smullarkey57@weather.com,173.19.250.66
Luce,Boston University,Senior Cost Accountant,lalentyev58@adobe.com,14.196.250.163
Gualterio,Lincoln University Pennsylvania,Chemical Engineer,gfairfoot59@time.com,110.176.126.251
Vidovik,University of Balochistan,Accounting Assistant II,vmcglone5a@1und1.de,74.23.54.110
Fianna,Haramaya University,Administrative Assistant IV,fespinay5b@wunderground.com,97.54.4.50
Claudette,Gakushuin University,GIS Technical Architect,czealy5c@state.gov,114.243.27.7
Blinni,Lakehead University,Compensation Analyst,bkilcullen5d@so-net.ne.jp,146.98.216.129
Rafi,University College of Skövde,Programmer IV,rheadan5e@wufoo.com,81.135.105.4
De,"Islamic Azad University, Saveh",Director of Sales,dlargent5f@pagesperso-orange.fr,80.186.147.60
Bertine,University of Technology,Electrical Engineer,bbes5g@ca.gov,196.233.3.94
Joshuah,Université Gaston Berger Saint-Louis,Senior Quality Engineer,jdorosario5h@boston.com,114.222.119.69
Gothart,Universidad del Norte,VP Quality Control,gstucke5i@unicef.org,180.15.127.255
Raphaela,"Concordia University, Irvine",Quality Engineer,rhamsher5j@123-reg.co.uk,138.251.122.79
Gaven,University of Information Technology and Management in Rzeszow,Nurse Practicioner,ggye5k@hubpages.com,55.111.111.150
Any,Kebbi State University of Science and Technology,Database Administrator II,atrevaskis5l@fastcompany.com,56.215.211.138
Maddalena,Universidad Francisco de Aguirre,Data Coordiator,mmaciejewski5m@desdev.cn,62.116.227.79
Dalton,Kobe University,Design Engineer,dhagger5n@hexun.com,185.52.216.187
Elvina,University of East Srarajevo,Senior Developer,eodoogan5o@example.com,156.51.156.41
Cornela,"Academy of Music, Dance and Fine Arts",Compensation Analyst,clandells5p@huffingtonpost.com,220.132.121.133
Borden,University of Kerala,Structural Engineer,bkaygill5q@ucoz.ru,198.98.193.212
Elora,"National Institute of Technology, Calicut",Marketing Manager,egiacomo5r@comsenz.com,114.175.203.235
Dagmar,Brescia College,Human Resources Assistant I,dsimonett5s@ezinearticles.com,172.141.70.73
Zorah,Nairobi Institute of Business Studies ,Database Administrator II,zeilhart5t@uol.com.br,104.23.188.188
Frederico,Rheinische Fachhochschule Köln,Recruiting Manager,fbearne5u@state.gov,216.150.170.198
Kial,FAE Business School - Faculdade de Administração e Economia,Dental Hygienist,kbunny5v@slate.com,106.159.44.220
Torrence,Beth-El College of Nursing and Health Sciences,Paralegal,tdorrington5w@kickstarter.com,28.118.246.223
Cathlene,Valley City State University,Analyst Programmer,ctankus5x@cmu.edu,74.163.39.252
Thatcher,International Academy of  Merchandising and Design Chicago,Geological Engineer,tstorton5y@nih.gov,32.188.249.228
Alica,Tezukayama Gakuin University,Help Desk Operator,apalatino5z@cyberchimps.com,208.119.134.209
Case,Musashi University,Associate Professor,cwimsett60@princeton.edu,51.247.124.175
Leila,Hochschule Magdeburg-Stendal (FH),Data Coordiator,lpurchall61@naver.com,147.177.237.233
Bertina,Kokand State Pedagogical Institute,Engineer III,bmasse62@zdnet.com,151.164.91.64
Pauline,Slippery Rock University,Professor,pgodson63@cnet.com,14.141.89.152
Stephenie,Gemological Institute of America,Marketing Assistant,scawt64@house.gov,198.212.45.96
Dory,Tianjin Normal University,VP Sales,dpleming65@cbslocal.com,21.141.62.18
Kordula,Primier International University Perak,Chief Design Engineer,kmcrory66@thetimes.co.uk,126.207.121.49
Cindee,National University of Kiev-Mohyla Academy,Biostatistician IV,csymcock67@bloglines.com,212.106.196.43
Marysa,Technical University of Kielce,Nurse,mpratty68@xing.com,150.242.126.246
Horten,Mokpo National University,Staff Accountant III,hcastleton69@state.gov,59.50.194.124
Tristam,Universitas Pattimura,Chemical Engineer,tcrane6a@mit.edu,50.16.98.209
Clemence,University of Mashhad Pnu,Payment Adjustment Coordinator,csnoddin6b@washingtonpost.com,97.114.186.125
Katee,Kettering University (GMI),Developer I,kbeddingham6c@pen.io,65.106.136.118
Wash,Universidad Regional del Sureste,VP Sales,wecles6d@bloglines.com,187.115.83.110
Phelia,Universidad de Atacama,Senior Financial Analyst,ptalks6e@woothemes.com,176.126.242.15
Art,Université de Versailles Saint-Quentin-en-Yvelines,Administrative Assistant II,alanyon6f@squidoo.com,162.36.176.193
Sapphire,University Institute of Modern Languages,Nuclear Power Engineer,sgurnee6g@soundcloud.com,88.146.128.188
Lissie,"University of Toronto, Scarborough",Recruiter,lyakobovicz6h@sciencedirect.com,47.48.62.238
Arnuad,Shanghai International Studies University,Financial Advisor,adrance6i@hc360.com,54.40.102.170
Kinsley,Zawiya Academy,Executive Secretary,kmyton6j@facebook.com,83.218.167.135
Clarke,Waynesburg College,Staff Accountant I,csmallpiece6k@histats.com,33.238.176.112
Von,Ho Polytechnic ,Nuclear Power Engineer,vperigo6l@123-reg.co.uk,93.0.108.248
Brannon,Aalborg Business College,Design Engineer,bsanchez6m@drupal.org,88.207.55.153
Adolphus,Private FernFachhochschule Darmstadt,Senior Financial Analyst,agasson6n@histats.com,161.215.164.70
Tan,Webber College,Administrative Officer,treddy6o@irs.gov,40.25.193.2
Esme,Evangelische Hochschule für Soziale Arbeit Dresden (FH),VP Marketing,erubert6p@youtube.com,208.183.16.34
Rouvin,National Hsin-Chu Teachers College,Accounting Assistant I,rhaughian6q@microsoft.com,205.208.239.232
Lilia,Agricultural University of Plovdiv,Programmer I,lalfonzo6r@xing.com,148.144.143.167
Cindi,Manonmaniam Sundaranar University,Marketing Manager,cfaughey6s@mozilla.org,88.155.187.108
Roddie,Middle East University,Structural Engineer,rdeehan6t@canalblog.com,67.214.115.81
Thatch,ITT Technical Institute Portland,Desktop Support Technician,talaway6u@multiply.com,176.142.90.106
Shawnee,Ghazni University,Legal Assistant,stumielli6v@dell.com,194.3.110.205
Daffie,Near East University,Automation Specialist I,dtabner6w@purevolume.com,9.241.250.243
Gabriel,Southwest Agricultural University,Safety Technician I,gbertwistle6x@constantcontact.com,185.173.176.42
Perren,Université de Rouen - Haute Normandie,Assistant Professor,pashborn6y@google.com.hk,108.225.182.101
Peterus,Oxford Brookes University,Geological Engineer,pbenion6z@gmpg.org,35.209.224.132
Kacy,Indira Gandhi Institute of Development and Research,VP Sales,ktripett70@abc.net.au,161.246.74.208
Kerrie,University of Palestine,Structural Analysis Engineer,kbonder71@live.com,190.164.88.174
Roderick,Eastern Mennonite University,Help Desk Technician,rlushey72@virginia.edu,91.83.104.72
Ronnica,Wesley University of Science and Technology,Cost Accountant,rosborn73@dyndns.org,104.63.172.183
Melantha,Hokkaido Institute of Technology,Clinical Specialist,mtitcomb74@tiny.cc,142.53.88.67
Tann,Hyogo University,Clinical Specialist,treach75@cargocollective.com,129.195.193.229
Marthe,Samar State University,Analog Circuit Design manager,mbrodeau76@telegraph.co.uk,33.254.239.196
Vivianna,Manonmaniam Sundaranar University,Legal Assistant,vmcginty77@prnewswire.com,252.238.93.184
James,Shaheed Chamran University,Senior Editor,jvautrey78@businesswire.com,159.111.179.10
Giacopo,Liepaja Pedagogical Higher School,Chemical Engineer,glemarquand79@reddit.com,106.147.99.91
Westley,Music Academy in Cracow,Database Administrator II,wswansbury7a@ovh.net,200.11.57.161
Ferdy,Tula State University,General Manager,fpentycross7b@qq.com,199.242.117.75
Lauretta,University of Evansville,Database Administrator IV,ldomleo7c@marketwatch.com,58.188.119.237
Zaria,Université de Ngaoundéré,Automation Specialist II,zblincoe7d@myspace.com,140.196.174.135
Clarine,Letourneau University,Nurse,ccasajuana7e@sourceforge.net,237.221.244.43
Bette-ann,Taipei Medical College,Civil Engineer,btellwright7f@fotki.com,231.11.60.218
Claire,Ballsbridge University ,Civil Engineer,cnethercott7g@dedecms.com,230.138.4.242
Pauli,Kansas State University,Graphic Designer,paronov7h@webeden.co.uk,144.187.80.117
Rudolph,Pädagogische Hochschule Zürich (Zurich School of Education),Senior Financial Analyst,rreith7i@de.vu,125.225.66.147
Homerus,Southern California Institute of Architecture,Marketing Assistant,hfordy7j@instagram.com,212.153.89.78
Camellia,"Pedagogical State University ""Ion Creanga""",Help Desk Technician,cathersmith7k@squarespace.com,209.113.52.2
Dana,Universität Köln,Product Engineer,deicke7l@freewebs.com,127.227.190.175
Vivi,Ecole Spéciale de Mécanique et d'Electricité,Dental Hygienist,vhayers7m@usnews.com,214.164.216.8
Lev,Cameron University,Engineer IV,lgisbourn7n@google.de,176.110.168.158
Jobi,American University of Science and Technology,Nurse Practicioner,jmicklem7o@oaic.gov.au,199.32.76.92
Annmaria,Chiba University of Commerce,Research Nurse,astare7p@nasa.gov,208.80.55.201
Bartel,Károl Gáspár University of the Reformed Church,Web Designer II,bkoeppe7q@webnode.com,169.226.162.42
Robby,Macau Polytechnic Institute,Professor,rskewis7r@360.cn,174.12.187.30
Vale,NHL University of Applied Sciences,Internal Auditor,vjoannidi7s@issuu.com,17.219.67.240
Walton,King College,Quality Engineer,wsanchiz7t@typepad.com,209.29.220.127
Cassy,IDRAC (Institut de recherche en action commerciale),Senior Editor,cglenn7u@census.gov,64.6.209.88
Wolfy,St. Augustine University of Tanzania,Biostatistician I,whugnot7v@samsung.com,196.111.15.167
Zandra,"Academy of International Economic and Political Relations, Gdynia",Business Systems Development Analyst,zenochsson7w@fastcompany.com,133.247.82.94
Denyse,Universidad Tecnológica de Santiago,Project Manager,dhowsley7x@4shared.com,43.233.112.36
Juliana,Saint Paul University,Assistant Manager,jghidoni7y@printfriendly.com,105.8.77.124
Shaina,Atilim University,Operator,soliverpaull7z@taobao.com,237.218.169.148
Kaela,Rasmussen College,Social Worker,kjeffels80@reference.com,70.99.109.164
Morgan,Centre d'Etudes Supérieures des Techniques Industrielles,Staff Scientist,mwolstenholme81@illinois.edu,234.128.240.159
Hildegarde,Universidade de Alfenas,Graphic Designer,hperel82@bing.com,70.62.135.96
Bartholomeus,"Institute of Teachers Education, Kota Bharu",Mechanical Systems Engineer,bboatswain83@spiegel.de,251.150.91.56
Marco,Foundation University,Clinical Specialist,mmackstead84@tumblr.com,170.52.105.70
Elfrieda,Taejon National University of Technology,Staff Scientist,egonzalvo85@slate.com,0.33.45.40
Nollie,Universidad de Managua (U de M),Paralegal,ngrunwall86@cdbaby.com,32.252.215.221
Catlaina,University of the Philippines Visayas,Design Engineer,cnewbold87@privacy.gov.au,154.197.252.201
Gwenette,Kangnam University,Media Manager III,gandrault88@addtoany.com,86.87.100.6
Theresina,Hebei Agricultural University,Internal Auditor,trawcliffe89@eepurl.com,42.173.22.21
Sigfrid,University of Baguio,Registered Nurse,scardoo8a@wired.com,215.64.116.253
Maryl,Ecole Supérieure de Commerce de Grenoble,Programmer Analyst III,mtitcombe8b@paypal.com,21.238.82.223
Arleen,Ho Chi Minh City University of Pedagogics,Web Developer IV,acadreman8c@ow.ly,160.88.244.104
Katharyn,Cyprus International Institute of Management (CIIM),VP Quality Control,kbickell8d@columbia.edu,95.137.142.19
Yance,Kurume Institute of Technology,Analyst Programmer,yloverock8e@shutterfly.com,195.155.142.200
Joey,Samuel Merritt College,Product Engineer,jlorent8f@twitter.com,48.46.167.163
Abraham,Taylor University,Quality Control Specialist,abartelsellis8g@wufoo.com,19.227.205.45
Morena,Belarussian State Polytechnical Academy,Research Associate,msturror8h@ifeng.com,100.25.93.111
Atlante,Nakhchivan Private University,Clinical Specialist,alelande8i@naver.com,186.123.210.107
Mahmoud,Arizona State University,Geological Engineer,mbrimble8j@geocities.jp,252.71.132.88
Sibelle,Nagoya Women's University,Senior Financial Analyst,swolfers8k@ucsd.edu,237.229.177.82
Parsifal,Kiev National University of Construction and Architecture,Design Engineer,pmudd8l@mit.edu,205.155.96.122
Sibylla,Sichuan Normal University,Web Designer III,ssmalridge8m@nsw.gov.au,30.26.210.50
Junie,Rhode Island College,Quality Engineer,jjiggen8n@360.cn,185.130.54.195
Nikolas,University of Calabria,Safety Technician I,nainsley8o@newyorker.com,66.34.125.199
Eartha,Centre de Formation et de Perfectionnement des Journalistes,Professor,etullis8p@domainmarket.com,181.208.150.152
Tuckie,Kwantleen University College,Occupational Therapist,tmcguire8q@answers.com,243.237.156.101
Dirk,Samara State Academy of Architecture and Civil Engineering,Health Coach IV,doguz8r@si.edu,96.72.229.155
Lenka,International University of Japan,Registered Nurse,lscotford8s@rediff.com,249.53.198.235
Darrin,Pusan National University,Database Administrator IV,dfinney8t@linkedin.com,205.130.145.235
Ediva,National University of Food Technologies,Design Engineer,emccurlye8u@1und1.de,118.52.36.122
Krystalle,Institut Catholique de Paris,Research Associate,ktaunton8v@goo.ne.jp,225.88.206.234
Kort,Baha'i Institute for Higher Education,Senior Financial Analyst,kfloyd8w@usa.gov,87.140.46.167
Llywellyn,Stamford University,Staff Accountant IV,lkillock8x@walmart.com,56.200.20.220
Corbet,Université Dakar Bourguiba,Account Coordinator,cfaircliff8y@desdev.cn,199.171.144.51
Cathlene,University of Pittsburgh,Legal Assistant,cokelly8z@godaddy.com,127.199.165.113
Karna,Teikyo University of Science and Technology,Desktop Support Technician,kgrealish90@marketwatch.com,128.244.224.143
Sauveur,Instituto Tecnológico y de Estudios Superiores de Monterrey (ITESM),Payment Adjustment Coordinator,sfiddyment91@vinaora.com,162.10.65.139
Peri,Estonian University of Life Sciences,Nuclear Power Engineer,paaronson92@dot.gov,142.218.70.80
Kahlil,Shimonoseki City University,Programmer III,kgreaves93@gov.uk,24.204.245.183
Asher,UCSI University,Budget/Accounting Analyst I,aegentan94@ft.com,50.9.55.27
Jo-ann,Showa University,Compensation Analyst,jfernant95@twitpic.com,101.77.131.254
Dew,Central Christian College of the Bible,Environmental Tech,dmenego96@networksolutions.com,242.28.121.155
Tamra,Reed College,Nurse,tglayzer97@blog.com,29.185.187.140
Paige,Polish-Japanese Institute of Information Technology in Warsaw,Analyst Programmer,phuygen98@chron.com,169.69.21.78
Ryan,Trinity College Carmarthen,Geological Engineer,rpeschka99@mayoclinic.com,25.99.33.191
Alexis,King Mongkut's University of Technology Ladkrabang,Account Coordinator,atop9a@cisco.com,77.42.217.147
Isidore,Nagoya University of Foreign Studies,Media Manager I,ifiske9b@house.gov,117.70.22.205
Adriaens,Universidad de Carabobo,Information Systems Manager,askypp9c@webeden.co.uk,173.96.185.67
Jephthah,Kuala Terengganu City Polytechnic,Quality Engineer,jmcpike9d@oracle.com,28.69.201.123
Ram,Kyushu University of Nursing and SocialWelfare,Cost Accountant,rhousam9e@mozilla.org,127.166.123.188
Ilyse,Tokyo University,Software Test Engineer I,icranston9f@tuttocitta.it,246.189.83.218
Roselle,Spertus Institute of Jewish Studies,Analog Circuit Design manager,rcokly9g@un.org,159.122.101.36
See,Fuzhou University,Database Administrator I,sbuse9h@drupal.org,142.84.188.95
Pepi,Standford Online University,Structural Analysis Engineer,pgerardi9i@google.es,8.14.202.61
Sayers,Technological University (Monywa),Assistant Professor,sposse9j@phoca.cz,151.6.81.94
Udale,Wollega University,Clinical Specialist,ukeward9k@hibu.com,99.193.114.143
Mellie,Police Academy in Bratislava,Desktop Support Technician,mfather9l@gravatar.com,102.5.69.30
Keven,"Islamic Azad University, Tehran Science & Research Branch",Senior Quality Engineer,kredish9m@accuweather.com,226.75.181.44
Mervin,King's College,VP Quality Control,mbendan9n@amazonaws.com,245.72.97.75
Lucias,Stanford University,Health Coach II,lfodden9o@answers.com,8.15.103.6
Waiter,Appalachian Bible College,Business Systems Development Analyst,walmeida9p@newsvine.com,199.96.150.193
Mela,Aquinas College,Clinical Specialist,mbrooksby9q@linkedin.com,166.185.163.2
Marshall,Kyrgyz Russian Slavic University,Staff Accountant III,mledwith9r@goodreads.com,105.213.27.31
Antonina,Sindh Agricultural University,Account Coordinator,aginnally9s@hibu.com,81.30.26.159
Josi,American Jewish University,Research Assistant IV,jbabbage9t@hud.gov,4.66.174.231
Tarra,Universidad Católica Nordestana,Accounting Assistant II,tworledge9u@networksolutions.com,11.168.53.148
Jo-anne,Odessa National Marine University,Software Test Engineer I,jtetlow9v@cocolog-nifty.com,42.203.156.42
Birdie,Hokuriku University,Director of Sales,bhearnden9w@histats.com,13.195.184.1
Janet,International Medical University,Health Coach IV,jmercer9x@booking.com,113.63.23.209
Lee,Ecole Supérieure de Commerce de Bordeaux,Data Coordiator,lwhitehead9y@blogtalkradio.com,29.44.1.185
Katherina,Universidad San Pablo,Electrical Engineer,koger9z@china.com.cn,177.19.28.114
Nealy,Aga Khan University,Speech Pathologist,nblibena0@gravatar.com,152.208.171.254
Lian,Yokkaichi University,Recruiter,lboydona1@cnbc.com,83.26.95.111
Dannie,Colby-Sawyer College,Financial Analyst,dpercya2@gnu.org,163.145.192.255
Selina,Asian University of Science and Technology,Director of Sales,scafferkya3@buzzfeed.com,176.199.132.104
Percy,Tri-State University,Clinical Specialist,pmunta4@prlog.org,7.222.189.218
Amy,Universidad Blas Pascal,Product Engineer,astrawa5@youtube.com,254.168.10.36
Lyn,Aga Khan University,Research Nurse,lhessentalera6@imageshack.us,31.96.127.238
Barnard,Mount Allison University,Internal Auditor,bmurcha7@domainmarket.com,210.25.213.132
Shae,University of Medicine and Pharmacy of Iasi,GIS Technical Architect,strevancea8@un.org,48.199.215.105
Esme,Suwon University,Product Engineer,erodnighta9@nydailynews.com,84.45.162.196
Mayor,Kaboora Institute of Higher Education,VP Marketing,mspeechlyaa@free.fr,13.205.109.44
Betsy,East Ukrainian National University,Internal Auditor,bgreggab@icio.us,110.192.30.157
Darryl,University of Maryland at College Park,Analog Circuit Design manager,dbulfitac@theatlantic.com,104.26.211.2
Yvor,Kyoto University of Foreign Studies,Administrative Assistant II,yrenachowskiad@123-reg.co.uk,19.192.136.245
Fraser,Osaka Institute of Technology,Product Engineer,fbastimanae@people.com.cn,141.220.165.210
Betsey,Université Paris-Sorbonne (Paris IV),Senior Financial Analyst,bfawdryaf@nydailynews.com,156.62.165.127
Gian,"Long Island University, C.W. Post Campus",Information Systems Manager,gmaycockag@yolasite.com,80.189.109.90
Mayne,"École Polytechnique de Montréal, Université de Montréal",Assistant Media Planner,mdelayglesiaah@cocolog-nifty.com,90.116.18.7
Manfred,Hokkaido Institute of Pharmaceutical Sciences,Internal Auditor,mkittlesai@miitbeian.gov.cn,125.98.69.135
Shelton,California Institute of Technology,Research Associate,spothecaryaj@squidoo.com,185.175.202.241
Marie,Université Stendhal (Grenoble III),Civil Engineer,mjuanicoak@mit.edu,150.50.172.32
Karlens,University of Agriculture and Veterinary Medicine Timisoara,Software Consultant,kclewettal@pagesperso-orange.fr,32.52.83.15
Tammy,"Wissenschaftliche Hochschule für Unternehmensführung, Otto-Beisheim Hochschule",Systems Administrator IV,tbeallam@trellian.com,244.96.21.72
Emlynn,Trinity University,Community Outreach Specialist,ekeechan@free.fr,71.228.199.53
Dore,Siam University,Director of Sales,dheighoao@soup.io,144.251.5.55
Sibley,Ahfad University for Women,Assistant Professor,ssymeap@amazon.co.jp,116.96.20.56
Zacherie,"Universidad ""Arturo Prat""",Librarian,zgilloolyaq@bbc.co.uk,239.218.183.121
Worden,Universidad Tecnológica de Panamá,Systems Administrator IV,wwedderburnar@mashable.com,210.245.69.145
Lawry,Suranaree University of Technology,Nuclear Power Engineer,loilleras@wikipedia.org,82.160.48.19
Loree,Universidade Estadual de Montes Claros,Occupational Therapist,lgladwishat@wikimedia.org,211.206.223.29
Allister,Christian Brothers University,Financial Advisor,avernallsau@sfgate.com,142.28.250.33
Gisela,University of Shiga Prefecture,Senior Cost Accountant,gbarneyav@privacy.gov.au,132.240.83.30
Evelyn,Okayama University,Office Assistant IV,ebenoyaw@ezinearticles.com,193.228.134.238
Fowler,Hiroshima Bunkyo Women's University,Recruiter,flabetax@ow.ly,180.132.210.12
Constantin,Ecole Nationale d'Ingénieurs des Travaux Agricoles de Clermont-Ferrand,Accountant IV,cfawcittay@blogs.com,139.114.12.67
Valentina,Tokyo Denki University,Senior Sales Associate,vgirauldaz@usda.gov,210.151.202.132
Sascha,Technological Education Institute of Epiros,Tax Accountant,smattssonb0@flickr.com,8.23.65.214
Harry,"Fachhochschule Konstanz, Hochschule für Technik, Wirtschaft und Gestaltung",Engineer I,hmaffeob1@myspace.com,251.187.25.228
Calv,ABM University College,Analyst Programmer,crobroseb2@cpanel.net,82.193.14.196
Easter,Westmont College,Office Assistant II,ecaslakeb3@stanford.edu,140.84.220.212
Dolly,"University of California, Santa Cruz",Senior Sales Associate,dblacktinb4@histats.com,17.179.166.175
Dolph,NTB Interstate University of Applied Sciences of Technology,Food Chemist,dsimeb5@macromedia.com,53.216.123.93
Kandace,Cambodia University of Specialties,Teacher,kwimpeneyb6@moonfruit.com,9.249.69.165
Ferd,FPT University,Senior Editor,fpallantb7@google.cn,220.47.70.82
Sarette,Saint Paul University,Electrical Engineer,selsbyb8@imageshack.us,66.33.228.235
Stepha,University of Western Macedonia,Recruiting Manager,sgrinstonb9@virginia.edu,101.126.69.99
Maia,Catholic University of Pusan,Chief Design Engineer,mhowellsba@homestead.com,184.78.154.75
Lainey,Universidade Federal de Lavras,Director of Sales,lgordonbb@angelfire.com,250.155.28.182
Lane,Université des Sciences et de la Technologie Houari Boumediène,Tax Accountant,lakessbc@unblog.fr,215.129.103.78
Reinhold,Toin University of Yokohama,Technical Writer,rboylebd@de.vu,57.162.165.27
Linnell,Fachhochschule für Wirtschaft Berlin,Executive Secretary,lwillishirebe@who.int,134.195.54.3
Jeremie,Redeemers University,Junior Executive,jperrinchiefbf@unicef.org,139.86.82.122
Jasen,Guangxi University for Nationalities,Statistician II,jflemingbg@nature.com,151.104.230.16
Vassily,University of Central Oklahoma,Human Resources Manager,vbrontbh@baidu.com,112.203.103.80
Boot,Omsk State Pedagogical University,Office Assistant III,bharridaybi@nifty.com,230.229.134.175
Gill,State University of New York (SUNY),Sales Representative,glumsdainebj@vk.com,151.221.232.151
Darlleen,Adamawa State University,VP Accounting,dcallambk@squidoo.com,119.184.8.46
Dunstan,"Schiller International University, Paris",Nurse Practicioner,dkybirdbl@sakura.ne.jp,135.200.41.128
Heather,Dallas Baptist University,Media Manager I,hforestelbm@bbc.co.uk,30.204.235.165
Gaspar,Pukyong National University,Legal Assistant,gubsdalebn@sohu.com,26.223.222.38
Ileane,Medical University Pleven,Physical Therapy Assistant,imacterrellybo@360.cn,88.97.241.98
Billie,University of Texas Health Center at Houston,Software Consultant,bcolyerbp@digg.com,69.127.24.138
Aharon,Crawford University ,Human Resources Manager,alarradbq@nationalgeographic.com,74.198.22.53
Shawn,University of lloilo,VP Marketing,sattwoodbr@storify.com,78.23.254.127
Barbi,Kokand State Pedagogical Institute,Developer II,brootsbs@naver.com,14.147.228.170
Abner,American University in Bulgaria,Human Resources Assistant II,akirabt@spiegel.de,185.113.205.113
Kermie,Wesley College Mississippi,Senior Editor,khellinbu@bizjournals.com,76.93.250.219
Goraud,Universidad del Bajío,Media Manager I,galcornbv@ow.ly,209.54.193.255
Pearla,Instituto Superior de Entre Douro e Vouga,Computer Systems Analyst I,pdovebw@nifty.com,25.86.239.11
Ediva,Mokwon University Taejon,Pharmacist,ejarmynbx@umn.edu,246.106.77.58
Jone,Belgorod State Agricultural Academy,Editor,jcockneyby@toplist.cz,15.232.56.35
Trace,Columbus State University,Business Systems Development Analyst,tclymabz@example.com,205.95.101.95
Loreen,Dalian Martime University,Help Desk Technician,lstockauc0@odnoklassniki.ru,145.197.194.187
Vittorio,Asian Management Institute,Community Outreach Specialist,vstaytc1@furl.net,252.122.34.168
Davie,"Technological Education Institute of Halkida, Euboea",Programmer II,dbowc2@nhs.uk,110.242.234.69
Jolene,Bangladesh Agricultural University,Paralegal,jyurkinc3@storify.com,200.138.11.230
Bren,Sri Ramachardra Medical College and Research Institute,Geologist I,bokillc4@so-net.ne.jp,15.203.45.20
Cicily,Dar Al-Uloom Colleges,Help Desk Technician,cgallawayc5@bizjournals.com,69.24.12.140
Brooks,Slovak University of Agriculture in Nitra,Design Engineer,bbosnellc6@deviantart.com,69.134.88.72
Roberto,Wingate University,Database Administrator III,rgebbiec7@census.gov,91.203.63.138
Leila,Henan Agriculture University,Pharmacist,ldibbenc8@t.co,112.102.58.171
Pippy,Helwan University,Quality Engineer,pbarnbyc9@g.co,239.134.24.217
Jillana,University of Oregon,Assistant Professor,jhanfreyca@scientificamerican.com,179.237.35.246
Patty,Southeast University,Desktop Support Technician,ptuplingcb@booking.com,162.6.66.36
Yetta,Urmia University of Technology,Sales Associate,ymelsoncc@icio.us,246.219.225.113
Emilee,Royal lnstitute of Technology,Marketing Assistant,eyarncd@domainmarket.com,101.5.6.30
Margeaux,Tomball College,VP Marketing,meshelbyce@amazon.co.uk,152.111.31.241
Georgie,"Long Island University, C.W. Post Campus",VP Quality Control,gsatterlycf@mysql.com,56.61.245.8
Lyndy,American Military University,Safety Technician III,lchildscg@statcounter.com,164.188.65.169
Lianna,Kathmandu University,Sales Associate,llathayech@blog.com,119.89.197.106
Patsy,University of Technology Sydney,Executive Secretary,pdaymondci@360.cn,72.22.253.126
Ashil,Jodhpur National University,Accounting Assistant IV,adudnycj@europa.eu,229.35.0.248
Zebulon,Tashkent Medical Academy,Teacher,zlambollck@nbcnews.com,196.20.227.58
Sher,Kannur University,Food Chemist,smatecl@epa.gov,120.235.53.139
Wendy,Universidad Peruana de Ciencias Aplicadas,Senior Sales Associate,wgatescm@indiatimes.com,203.117.237.151
Geoffrey,Far Eastern State Technical University,Accounting Assistant III,gnorridgecn@goo.gl,59.236.137.244
Ancell,Universidad de Especialidades Turísticas ,Information Systems Manager,awoolfordeco@admin.ch,190.35.76.108
Dyana,Comenius University in Bratislava,Cost Accountant,dbernatcp@odnoklassniki.ru,251.70.108.213
Ky,Universität Liechtenstein,Environmental Specialist,ktommaseocq@pinterest.com,151.73.80.141
Merrill,Abylai Khan University,Geological Engineer,mkenercr@360.cn,153.58.101.18
Berkly,Institut National des Sciences Appliquées de Rennes,Operator,bmccronecs@addthis.com,29.29.100.208
Sophey,Bilecik University,Physical Therapy Assistant,slavellct@wix.com,195.118.171.180
Indira,Royal Danish School of Pharmacy,Health Coach IV,ilacroutzcu@usgs.gov,73.238.136.158
Taddeo,Universidad Albert Einstein,Information Systems Manager,tskrzynskicv@cafepress.com,129.96.215.87
Kennan,Universidad Don Vasco,Human Resources Manager,kwiffencw@cpanel.net,96.80.55.163
Brady,Musashi University,Quality Engineer,bfletchercx@ucsd.edu,162.53.80.80
Fallon,"St. Joseph's College New York, Suffolk Campus",Help Desk Operator,fcanniffecy@deliciousdays.com,70.110.214.15
Nicko,Universidad de Norteamerica,Speech Pathologist,nmugglestoncz@gnu.org,173.148.235.205
Robby,Fachhochschule Kiel,Food Chemist,rmangerd0@digg.com,171.29.247.33
Nichol,Universidad Blas Pascal,Senior Cost Accountant,nsoppittd1@fotki.com,87.222.126.222
Jimmie,Universitat Pompeu Fabra,Web Designer II,jtoffolettod2@dedecms.com,38.6.29.70
Dalton,Oita Medical University,Internal Auditor,dlyburnd3@freewebs.com,98.105.68.18
Catrina,Capilano College,VP Marketing,chovelld4@histats.com,50.125.110.35
Grange,Universitas Nasional Pasim,VP Accounting,gbatrimd5@xrea.com,37.24.134.252
Darill,Australian Lutheran College,Nurse,dcurrerd6@g.co,26.115.1.159
Ronnie,Eastern Kentucky University,Staff Accountant I,rdixeyd7@utexas.edu,228.231.240.18
Matthaeus,Hertie School of Governance,Programmer I,mmapled8@printfriendly.com,207.97.185.46
Lisle,"Institut d'Agriculture, de Technologie et d'Education de Kibungo",Database Administrator I,lhealeasd9@ox.ac.uk,21.233.39.222
Irvine,Okanagan University College,Geological Engineer,ibettisda@yellowpages.com,190.251.28.42
Kath,Qingdao University of Science and Technology,Safety Technician III,kmacpikedb@linkedin.com,23.148.53.6
Idaline,Lake Forest Graduate School of Management,Media Manager III,ituppenydc@bravesites.com,123.215.79.49
Wanda,Universidad de Valparaiso,Food Chemist,wbartolomadd@cbsnews.com,211.193.26.171
Mirella,Yalova University,Editor,mwatchornde@forbes.com,100.103.251.59
Angelle,Princess Nora Bint Abdulrahman University,Senior Financial Analyst,apatersondf@whitehouse.gov,130.239.231.183
Janka,University of Mindanao,Technical Writer,jegginsondg@phoca.cz,189.52.82.95
Lemmie,Sri Sant Gajanan Maharaj College of Engineering,Database Administrator I,lreahdh@usda.gov,83.169.240.244
Matthiew,Nugaal University,Internal Auditor,mangrovedi@npr.org,156.151.63.182
Veronike,University of Southern Europe (Monaco Business School),Teacher,vionnisiandj@google.de,185.2.78.159
Allyn,IMPAC University,Sales Associate,alamanbydk@answers.com,204.38.7.89
Irwinn,Gediz University,Office Assistant IV,iclappdl@feedburner.com,227.102.206.95
Antoine,St. Petersburg State Academy for Engineering Economics (ENGECON),Legal Assistant,ajupedm@nytimes.com,220.178.122.243
Helyn,Universidad de Quintana Roo,Occupational Therapist,hbussondn@zimbio.com,94.249.65.106
Bren,Southeast Missouri State University,Nurse,bhoneyghando@dyndns.org,136.255.37.129
Marris,Khana-e-Noor Institute of Higher Education,Operator,mvanderveldedp@reddit.com,188.11.205.118
Sly,"National University of Ireland, Maynooth",Structural Engineer,spanchendq@nhs.uk,249.108.51.173
Ab,Université Paris-Sorbonne (Paris IV),Actuary,anunsondr@twitpic.com,6.171.195.199
My,University of Hydraulic Electric Engineering,Mechanical Systems Engineer,mleftbridgeds@e-recht24.de,203.234.242.239
Delaney,Universidad Peruana de Ciencias Aplicadas,Environmental Tech,dhundelldt@squarespace.com,94.142.4.21
Anya,College of Technology at Dammam,Compensation Analyst,aaxtonnedu@wp.com,109.173.56.42
Peyton,Rusangu University,Data Coordiator,pwaterdrinkerdv@ihg.com,193.51.104.76
